Workbook

Sheet 2026-04-09_183541_Demi_Spere_Mo
A1: scan_id | B1: point_index | C1: x | D1: y | E1: voltage_x_in_phase | F1: voltage_x_quadrature | G1: voltage_y_in_phase | H1: voltage_y_quadrature | I1: voltage_z_in_phase | J1: voltage_z_quadrature | K1: std_dev_x_in_phase | L1: std_dev_x_quadrature | M1: std_dev_y_in_phase | N1: std_dev_y_quadrature | O1: std_dev_z_in_phase | P1: std_dev_z_quadrature
A2: b79b03de-cd3e-4dca-9342-358f09cc91f0 | B2: 0 | C2: 535 | D2: 535 | E2: 1.9887791 | F2: 0.039540648 | G2: 0.054590668 | H2: -0.0036639281 | I2: 1.9440998 | J2: 0.045130321 | K2: 3.1507155e-05 | L2: 4.9376769e-05 | M2: 5.5075509e-05 | N2: 4.3935392e-05 | O2: 0.00010509548 | P2: 5.1303419e-05
A3: b79b03de-cd3e-4dca-9342-358f09cc91f0 | B3: 1 | C3: 545 | D3: 535 | E3: 1.9866436 | F3: 0.039020145 | G3: 0.055341904 | H3: -0.0033590495 | I3: 1.9442262 | J3: 0.045500961 | K3: 3.9907801e-05 | L3: 5.771375e-05 | M3: 5.7807363e-05 | N3: 3.6050752e-05 | O3: 0.0001095182 | P3: 5.2921118e-05
A4: b79b03de-cd3e-4dca-9342-358f09cc91f0 | B4: 2 | C4: 555 | D4: 535 | E4: 1.9842966 | F4: 0.038573875 | G4: 0.055905404 | H4: -0.0031000206 | I4: 1.9437533 | J4: 0.045792915 | K4: 2.6738844e-05 | L4: 5.3324319e-05 | M4: 4.3200431e-05 | N4: 3.8097123e-05 | O4: 8.6993523e-05 | P4: 5.3245294e-05
A5: b79b03de-cd3e-4dca-9342-358f09cc91f0 | B5: 3 | C5: 565 | D5: 535 | E5: 1.9817508 | F5: 0.038100997 | G5: 0.056319565 | H5: -0.0028972049 | I5: 1.9423489 | J5: 0.045770063 | K5: 2.9155576e-05 | L5: 7.6611151e-05 | M5: 4.9999486e-05 | N5: 3.7671123e-05 | O5: 9.8912477e-05 | P5: 5.0750713e-05
A6: b79b03de-cd3e-4dca-9342-358f09cc91f0 | B6: 4 | C6: 575 | D6: 535 | E6: 1.979303 | F6: 0.037682557 | G6: 0.056504186 | H6: -0.0027519124 | I6: 1.940442 | J6: 0.045575689 | K6: 3.3803157e-05 | L6: 6.9674378e-05 | M6: 4.9329043e-05 | N6: 4.5641721e-05 | O6: 7.3157025e-05 | P6: 6.1898825e-05
A7: b79b03de-cd3e-4dca-9342-358f09cc91f0 | B7: 5 | C7: 585 | D7: 535 | E7: 1.9770836 | F7: 0.037357156 | G7: 0.056338254 | H7: -0.0026690336 | I7: 1.938157 | J7: 0.045301552 | K7: 2.877052e-05 | L7: 7.3700634e-05 | M7: 5.3127217e-05 | N7: 3.2812139e-05 | O7: 9.2527639e-05 | P7: 6.3585322e-05
A8: b79b03de-cd3e-4dca-9342-358f09cc91f0 | B8: 6 | C8: 595 | D8: 535 | E8: 1.9751575 | F8: 0.03714549 | G8: 0.055749282 | H8: -0.0026538669 | I8: 1.9355855 | J8: 0.044912572 | K8: 3.0934075e-05 | L8: 7.6137805e-05 | M8: 5.7378324e-05 | N8: 3.8643919e-05 | O8: 0.0001176172 | P8: 3.4384695e-05
A9: b79b03de-cd3e-4dca-9342-358f09cc91f0 | B9: 7 | C9: 605 | D9: 535 | E9: 1.9734429 | F9: 0.036992192 | G9: 0.054694536 | H9: -0.0027700194 | I9: 1.9329572 | J9: 0.044425837 | K9: 2.8362933e-05 | L9: 7.2626651e-05 | M9: 5.9315821e-05 | N9: 3.65043e-05 | O9: 0.00010241592 | P9: 5.5392967e-05
A10: b79b03de-cd3e-4dca-9342-358f09cc91f0 | B10: 8 | C10: 615 | D10: 535 | E10: 1.9720669 | F10: 0.036952048 | G10: 0.053152676 | H10: -0.0029663434 | I10: 1.9306624 | J10: 0.043997936 | K10: 1.995623e-05 | L10: 5.5928513e-05 | M10: 3.4933036e-05 | N10: 5.0348838e-05 | O10: 6.5777657e-05 | P10: 7.392859e-05
A11: b79b03de-cd3e-4dca-9342-358f09cc91f0 | B11: 9 | C11: 625 | D11: 535 | E11: 1.9713761 | F11: 0.037050094 | G11: 0.051279739 | H11: -0.0032638277 | I11: 1.9289297 | J11: 0.043641415 | K11: 2.5522242e-05 | L11: 7.568249e-05 | M11: 5.8327329e-05 | N11: 3.0028027e-05 | O11: 8.741465e-05 | P11: 4.7747422e-05
A12: b79b03de-cd3e-4dca-9342-358f09cc91f0 | B12: 10 | C12: 635 | D12: 535 | E12: 1.9713944 | F12: 0.037274946 | G12: 0.049259238 | H12: -0.0036247157 | I12: 1.9275296 | J12: 0.0432598 | K12: 2.815936e-05 | L12: 4.705217e-05 | M12: 3.9632684e-05 | N12: 4.0723654e-05 | O12: 7.5233387e-05 | P12: 6.9703617e-05
A13: b79b03de-cd3e-4dca-9342-358f09cc91f0 | B13: 11 | C13: 645 | D13: 535 | E13: 1.9718689 | F13: 0.037532316 | G13: 0.047419661 | H13: -0.0039568711 | I13: 1.9261134 | J13: 0.042947352 | K13: 3.322109e-05 | L13: 5.7881201e-05 | M13: 3.6103643e-05 | N13: 5.2162835e-05 | O13: 7.9399228e-05 | P13: 6.9232768e-05
... A442: b79b03de-cd3e-4dca-9342-358f09cc91f0 | B442: 440 | C442: 735 | D442: 735 | E442: 1.989336 | F442: 0.040131571 | G442: 0.046773021 | H442: -0.0036810744 | I442: 1.935788 | J442: 0.045779203 | K442: 2.9775525e-05 | L442: 6.2069186e-05 | M442: 4.2831151e-05 | N442: 3.6507602e-05 | O442: 8.3004861e-05 | P442: 5.1326723e-05

Sheet 2026-04-09_162832_RefSable_0_Ce
A1: scan_id | B1: point_index | C1: x | D1: y | E1: voltage_x_in_phase | F1: voltage_x_quadrature | G1: voltage_y_in_phase | H1: voltage_y_quadrature | I1: voltage_z_in_phase | J1: voltage_z_quadrature | K1: std_dev_x_in_phase | L1: std_dev_x_quadrature | M1: std_dev_y_in_phase | N1: std_dev_y_quadrature | O1: std_dev_z_in_phase | P1: std_dev_z_quadrature
A2: d5ab9046-12d7-4767-ae5a-6ee2dd26c445 | B2: 0 | C2: 535 | D2: 535 | E2: 1.980755 | F2: 0.039221447 | G2: 0.052588128 | H2: -0.0047372181 | I2: 1.9356582 | J2: 0.044043669 | K2: 3.9914206e-05 | L2: 5.4293288e-05 | M2: 5.3985062e-05 | N2: 3.941994e-05 | O2: 9.8390851e-05 | P2: 7.5275134e-05
A3: d5ab9046-12d7-4767-ae5a-6ee2dd26c445 | B3: 1 | C3: 545 | D3: 535 | E3: 1.9818087 | F3: 0.039422778 | G3: 0.053634753 | H3: -0.0044637212 | I3: 1.9340691 | J3: 0.043868771 | K3: 4.2897854e-05 | L3: 5.4517175e-05 | M3: 4.7711073e-05 | N3: 3.5860746e-05 | O3: 7.5222898e-05 | P3: 3.8979411e-05
A4: d5ab9046-12d7-4767-ae5a-6ee2dd26c445 | B4: 2 | C4: 555 | D4: 535 | E4: 1.9829671 | F4: 0.039686698 | G4: 0.054337694 | H4: -0.00427942 | I4: 1.9327596 | J4: 0.043755151 | K4: 2.9148147e-05 | L4: 5.6616048e-05 | M4: 5.0792256e-05 | N4: 3.7936427e-05 | O4: 0.00010690417 | P4: 4.7700059e-05
A5: d5ab9046-12d7-4767-ae5a-6ee2dd26c445 | B5: 3 | C5: 565 | D5: 535 | E5: 1.9843319 | F5: 0.039889281 | G5: 0.054475622 | H5: -0.0042530746 | I5: 1.9323062 | J5: 0.043696201 | K5: 4.5621963e-05 | L5: 6.45301e-05 | M5: 6.1923045e-05 | N5: 4.3322677e-05 | O5: 0.00010008717 | P5: 5.3662643e-05
A6: d5ab9046-12d7-4767-ae5a-6ee2dd26c445 | B6: 4 | C6: 575 | D6: 535 | E6: 1.9857798 | F6: 0.040008373 | G6: 0.054094152 | H6: -0.0043085018 | I6: 1.9324835 | J6: 0.043722547 | K6: 3.709435e-05 | L6: 5.8204194e-05 | M6: 3.3462339e-05 | N6: 4.2445628e-05 | O6: 7.8622475e-05 | P6: 4.0123802e-05
A7: d5ab9046-12d7-4767-ae5a-6ee2dd26c445 | B7: 5 | C7: 585 | D7: 535 | E7: 1.9869762 | F7: 0.040067701 | G7: 0.053481775 | H7: -0.0043142949 | I7: 1.9327266 | J7: 0.043865336 | K7: 1.4652458e-05 | L7: 4.7654527e-05 | M7: 7.3376693e-05 | N7: 4.0955737e-05 | O7: 0.000123337 | P7: 6.7065851e-05
A8: d5ab9046-12d7-4767-ae5a-6ee2dd26c445 | B8: 6 | C8: 595 | D8: 535 | E8: 1.9877785 | F8: 0.040013351 | G8: 0.053206473 | H8: -0.004161841 | I8: 1.9329492 | J8: 0.044019565 | K8: 3.522027e-05 | L8: 4.0371605e-05 | M8: 3.1952882e-05 | N8: 4.0576344e-05 | O8: 6.0108124e-05 | P8: 6.3231242e-05
A9: d5ab9046-12d7-4767-ae5a-6ee2dd26c445 | B9: 7 | C9: 605 | D9: 535 | E9: 1.9880482 | F9: 0.039948725 | G9: 0.053521832 | H9: -0.003893322 | I9: 1.9334145 | J9: 0.044203284 | K9: 3.0283368e-05 | L9: 6.8073785e-05 | M9: 5.4833436e-05 | N9: 4.1047517e-05 | O9: 9.4016788e-05 | P9: 5.5354494e-05
A10: d5ab9046-12d7-4767-ae5a-6ee2dd26c445 | B10: 8 | C10: 615 | D10: 535 | E10: 1.9878577 | F10: 0.039874696 | G10: 0.054236999 | H10: -0.0035345883 | I10: 1.934248 | J10: 0.044480187 | K10: 3.1909844e-05 | L10: 6.1874276e-05 | M10: 4.9420991e-05 | N10: 3.8996981e-05 | O10: 0.00010313858 | P10: 3.6544775e-05
A11: d5ab9046-12d7-4767-ae5a-6ee2dd26c445 | B11: 9 | C11: 625 | D11: 535 | E11: 1.9875135 | F11: 0.039791352 | G11: 0.054810484 | H11: -0.0032012102 | I11: 1.9355631 | J11: 0.044839358 | K11: 2.1680386e-05 | L11: 6.7184602e-05 | M11: 4.130495e-05 | N11: 3.5864146e-05 | O11: 9.5175784e-05 | P11: 5.9694826e-05
A12: d5ab9046-12d7-4767-ae5a-6ee2dd26c445 | B12: 10 | C12: 635 | D12: 535 | E12: 1.9873466 | F12: 0.039762095 | G12: 0.054891791 | H12: -0.0030634865 | I12: 1.9371355 | J12: 0.045169883 | K12: 2.5973573e-05 | L12: 5.0335418e-05 | M12: 6.218516e-05 | N12: 4.0181549e-05 | O12: 9.760016e-05 | P12: 5.4234177e-05
A13: d5ab9046-12d7-4767-ae5a-6ee2dd26c445 | B13: 11 | C13: 645 | D13: 535 | E13: 1.9874794 | F13: 0.039821423 | G13: 0.054116364 | H13: -0.0031365257 | I13: 1.9382925 | J13: 0.04547776 | K13: 3.0279948e-05 | L13: 4.7919155e-05 | M13: 3.87205e-05 | N13: 4.1105455e-05 | O13: 8.3886624e-05 | P13: 5.2440626e-05
... A442: d5ab9046-12d7-4767-ae5a-6ee2dd26c445 | B442: 440 | C442: 735 | D442: 735 | E442: 1.9838993 | F442: 0.039527665 | G442: 0.047947733 | H442: -0.0038962913 | I442: 1.9306082 | J442: 0.045462127 | K442: 3.645939e-05 | L442: 5.7639272e-05 | M442: 5.0201e-05 | N442: 4.387032e-05 | O442: 8.4729715e-05 | P442: 4.3105131e-05

Sheet Feuil2
E2: =ABS(('2026-04-09_183541_Demi_Spere_Mo'!E2-'2026-04-09_162832_RefSable_0_Ce'!E2)/'2026-04-09_162832_RefSable_0_Ce'!E2)>0.5 -> FALSE | F2: =ABS(('2026-04-09_183541_Demi_Spere_Mo'!F2-'2026-04-09_162832_RefSable_0_Ce'!F2)/'2026-04-09_162832_RefSable_0_Ce'!F2)>0.5 -> FALSE | G2: =ABS(('2026-04-09_183541_Demi_Spere_Mo'!G2-'2026-04-09_162832_RefSable_0_Ce'!G2)/'2026-04-09_162832_RefSable_0_Ce'!G2)>0.5 -> FALSE | H2: =ABS(('2026-04-09_183541_Demi_Spere_Mo'!H2-'2026-04-09_162832_RefSable_0_Ce'!H2)/'2026-04-09_162832_RefSable_0_Ce'!H2)>0.5 -> FALSE | I2: =ABS(('2026-04-09_183541_Demi_Spere_Mo'!I2-'2026-04-09_162832_RefSable_0_Ce'!I2)/'2026-04-09_162832_RefSable_0_Ce'!I2)>0.5 -> FALSE | J2: =ABS(('2026-04-09_183541_Demi_Spere_Mo'!J2-'2026-04-09_162832_RefSable_0_Ce'!J2)/'2026-04-09_162832_RefSable_0_Ce'!J2)>0.5 -> FALSE | K2: =ABS(('2026-04-09_183541_Demi_Spere_Mo'!K2-'2026-04-09_162832_RefSable_0_Ce'!K2)/'2026-04-09_162832_RefSable_0_Ce'!K2)>0.5 -> FALSE | L2: =ABS(('2026-04-09_183541_Demi_Spere_Mo'!L2-'2026-04-09_162832_RefSable_0_Ce'!L2)/'2026-04-09_162832_RefSable_0_Ce'!L2)>0.5 -> FALSE | ... P2: =ABS(('2026-04-09_183541_Demi_Spere_Mo'!P2-'2026-04-09_162832_RefSable_0_Ce'!P2)/'2026-04-09_162832_RefSable_0_Ce'!P2)>0.5 -> FALSE
E3: =ABS(('2026-04-09_183541_Demi_Spere_Mo'!E3-'2026-04-09_162832_RefSable_0_Ce'!E3)/'2026-04-09_162832_RefSable_0_Ce'!E3)>0.5 -> FALSE | F3: =ABS(('2026-04-09_183541_Demi_Spere_Mo'!F3-'2026-04-09_162832_RefSable_0_Ce'!F3)/'2026-04-09_162832_RefSable_0_Ce'!F3)>0.5 -> FALSE | G3: =ABS(('2026-04-09_183541_Demi_Spere_Mo'!G3-'2026-04-09_162832_RefSable_0_Ce'!G3)/'2026-04-09_162832_RefSable_0_Ce'!G3)>0.5 -> FALSE | H3: =ABS(('2026-04-09_183541_Demi_Spere_Mo'!H3-'2026-04-09_162832_RefSable_0_Ce'!H3)/'2026-04-09_162832_RefSable_0_Ce'!H3)>0.5 -> FALSE | I3: =ABS(('2026-04-09_183541_Demi_Spere_Mo'!I3-'2026-04-09_162832_RefSable_0_Ce'!I3)/'2026-04-09_162832_RefSable_0_Ce'!I3)>0.5 -> FALSE | J3: =ABS(('2026-04-09_183541_Demi_Spere_Mo'!J3-'2026-04-09_162832_RefSable_0_Ce'!J3)/'2026-04-09_162832_RefSable_0_Ce'!J3)>0.5 -> FALSE | K3: =ABS(('2026-04-09_183541_Demi_Spere_Mo'!K3-'2026-04-09_162832_RefSable_0_Ce'!K3)/'2026-04-09_162832_RefSable_0_Ce'!K3)>0.5 -> FALSE | L3: =ABS(('2026-04-09_183541_Demi_Spere_Mo'!L3-'2026-04-09_162832_RefSable_0_Ce'!L3)/'2026-04-09_162832_RefSable_0_Ce'!L3)>0.5 -> FALSE | ... P3: =ABS(('2026-04-09_183541_Demi_Spere_Mo'!P3-'2026-04-09_162832_RefSable_0_Ce'!P3)/'2026-04-09_162832_RefSable_0_Ce'!P3)>0.5 -> FALSE
E4: =ABS(('2026-04-09_183541_Demi_Spere_Mo'!E4-'2026-04-09_162832_RefSable_0_Ce'!E4)/'2026-04-09_162832_RefSable_0_Ce'!E4)>0.5 -> FALSE | F4: =ABS(('2026-04-09_183541_Demi_Spere_Mo'!F4-'2026-04-09_162832_RefSable_0_Ce'!F4)/'2026-04-09_162832_RefSable_0_Ce'!F4)>0.5 -> FALSE | G4: =ABS(('2026-04-09_183541_Demi_Spere_Mo'!G4-'2026-04-09_162832_RefSable_0_Ce'!G4)/'2026-04-09_162832_RefSable_0_Ce'!G4)>0.5 -> FALSE | H4: =ABS(('2026-04-09_183541_Demi_Spere_Mo'!H4-'2026-04-09_162832_RefSable_0_Ce'!H4)/'2026-04-09_162832_RefSable_0_Ce'!H4)>0.5 -> FALSE | I4: =ABS(('2026-04-09_183541_Demi_Spere_Mo'!I4-'2026-04-09_162832_RefSable_0_Ce'!I4)/'2026-04-09_162832_RefSable_0_Ce'!I4)>0.5 -> FALSE | J4: =ABS(('2026-04-09_183541_Demi_Spere_Mo'!J4-'2026-04-09_162832_RefSable_0_Ce'!J4)/'2026-04-09_162832_RefSable_0_Ce'!J4)>0.5 -> FALSE | K4: =ABS(('2026-04-09_183541_Demi_Spere_Mo'!K4-'2026-04-09_162832_RefSable_0_Ce'!K4)/'2026-04-09_162832_RefSable_0_Ce'!K4)>0.5 -> FALSE | L4: =ABS(('2026-04-09_183541_Demi_Spere_Mo'!L4-'2026-04-09_162832_RefSable_0_Ce'!L4)/'2026-04-09_162832_RefSable_0_Ce'!L4)>0.5 -> FALSE | ... P4: =ABS(('2026-04-09_183541_Demi_Spere_Mo'!P4-'2026-04-09_162832_RefSable_0_Ce'!P4)/'2026-04-09_162832_RefSable_0_Ce'!P4)>0.5 -> FALSE
E5: =ABS(('2026-04-09_183541_Demi_Spere_Mo'!E5-'2026-04-09_162832_RefSable_0_Ce'!E5)/'2026-04-09_162832_RefSable_0_Ce'!E5)>0.5 -> FALSE | F5: =ABS(('2026-04-09_183541_Demi_Spere_Mo'!F5-'2026-04-09_162832_RefSable_0_Ce'!F5)/'2026-04-09_162832_RefSable_0_Ce'!F5)>0.5 -> FALSE | G5: =ABS(('2026-04-09_183541_Demi_Spere_Mo'!G5-'2026-04-09_162832_RefSable_0_Ce'!G5)/'2026-04-09_162832_RefSable_0_Ce'!G5)>0.5 -> FALSE | H5: =ABS(('2026-04-09_183541_Demi_Spere_Mo'!H5-'2026-04-09_162832_RefSable_0_Ce'!H5)/'2026-04-09_162832_RefSable_0_Ce'!H5)>0.5 -> FALSE | I5: =ABS(('2026-04-09_183541_Demi_Spere_Mo'!I5-'2026-04-09_162832_RefSable_0_Ce'!I5)/'2026-04-09_162832_RefSable_0_Ce'!I5)>0.5 -> FALSE | J5: =ABS(('2026-04-09_183541_Demi_Spere_Mo'!J5-'2026-04-09_162832_RefSable_0_Ce'!J5)/'2026-04-09_162832_RefSable_0_Ce'!J5)>0.5 -> FALSE | K5: =ABS(('2026-04-09_183541_Demi_Spere_Mo'!K5-'2026-04-09_162832_RefSable_0_Ce'!K5)/'2026-04-09_162832_RefSable_0_Ce'!K5)>0.5 -> FALSE | L5: =ABS(('2026-04-09_183541_Demi_Spere_Mo'!L5-'2026-04-09_162832_RefSable_0_Ce'!L5)/'2026-04-09_162832_RefSable_0_Ce'!L5)>0.5 -> FALSE | ... P5: =ABS(('2026-04-09_183541_Demi_Spere_Mo'!P5-'2026-04-09_162832_RefSable_0_Ce'!P5)/'2026-04-09_162832_RefSable_0_Ce'!P5)>0.5 -> FALSE
E6: =ABS(('2026-04-09_183541_Demi_Spere_Mo'!E6-'2026-04-09_162832_RefSable_0_Ce'!E6)/'2026-04-09_162832_RefSable_0_Ce'!E6)>0.5 -> FALSE | F6: =ABS(('2026-04-09_183541_Demi_Spere_Mo'!F6-'2026-04-09_162832_RefSable_0_Ce'!F6)/'2026-04-09_162832_RefSable_0_Ce'!F6)>0.5 -> FALSE | G6: =ABS(('2026-04-09_183541_Demi_Spere_Mo'!G6-'2026-04-09_162832_RefSable_0_Ce'!G6)/'2026-04-09_162832_RefSable_0_Ce'!G6)>0.5 -> FALSE | H6: =ABS(('2026-04-09_183541_Demi_Spere_Mo'!H6-'2026-04-09_162832_RefSable_0_Ce'!H6)/'2026-04-09_162832_RefSable_0_Ce'!H6)>0.5 -> FALSE | I6: =ABS(('2026-04-09_183541_Demi_Spere_Mo'!I6-'2026-04-09_162832_RefSable_0_Ce'!I6)/'2026-04-09_162832_RefSable_0_Ce'!I6)>0.5 -> FALSE | J6: =ABS(('2026-04-09_183541_Demi_Spere_Mo'!J6-'2026-04-09_162832_RefSable_0_Ce'!J6)/'2026-04-09_162832_RefSable_0_Ce'!J6)>0.5 -> FALSE | K6: =ABS(('2026-04-09_183541_Demi_Spere_Mo'!K6-'2026-04-09_162832_RefSable_0_Ce'!K6)/'2026-04-09_162832_RefSable_0_Ce'!K6)>0.5 -> FALSE | L6: =ABS(('2026-04-09_183541_Demi_Spere_Mo'!L6-'2026-04-09_162832_RefSable_0_Ce'!L6)/'2026-04-09_162832_RefSable_0_Ce'!L6)>0.5 -> FALSE | ... P6: =ABS(('2026-04-09_183541_Demi_Spere_Mo'!P6-'2026-04-09_162832_RefSable_0_Ce'!P6)/'2026-04-09_162832_RefSable_0_Ce'!P6)>0.5 -> TRUE
E7: =ABS(('2026-04-09_183541_Demi_Spere_Mo'!E7-'2026-04-09_162832_RefSable_0_Ce'!E7)/'2026-04-09_162832_RefSable_0_Ce'!E7)>0.5 -> FALSE | F7: =ABS(('2026-04-09_183541_Demi_Spere_Mo'!F7-'2026-04-09_162832_RefSable_0_Ce'!F7)/'2026-04-09_162832_RefSable_0_Ce'!F7)>0.5 -> FALSE | G7: =ABS(('2026-04-09_183541_Demi_Spere_Mo'!G7-'2026-04-09_162832_RefSable_0_Ce'!G7)/'2026-04-09_162832_RefSable_0_Ce'!G7)>0.5 -> FALSE | H7: =ABS(('2026-04-09_183541_Demi_Spere_Mo'!H7-'2026-04-09_162832_RefSable_0_Ce'!H7)/'2026-04-09_162832_RefSable_0_Ce'!H7)>0.5 -> FALSE | I7: =ABS(('2026-04-09_183541_Demi_Spere_Mo'!I7-'2026-04-09_162832_RefSable_0_Ce'!I7)/'2026-04-09_162832_RefSable_0_Ce'!I7)>0.5 -> FALSE | J7: =ABS(('2026-04-09_183541_Demi_Spere_Mo'!J7-'2026-04-09_162832_RefSable_0_Ce'!J7)/'2026-04-09_162832_RefSable_0_Ce'!J7)>0.5 -> FALSE | K7: =ABS(('2026-04-09_183541_Demi_Spere_Mo'!K7-'2026-04-09_162832_RefSable_0_Ce'!K7)/'2026-04-09_162832_RefSable_0_Ce'!K7)>0.5 -> TRUE | L7: =ABS(('2026-04-09_183541_Demi_Spere_Mo'!L7-'2026-04-09_162832_RefSable_0_Ce'!L7)/'2026-04-09_162832_RefSable_0_Ce'!L7)>0.5 -> TRUE | ... P7: =ABS(('2026-04-09_183541_Demi_Spere_Mo'!P7-'2026-04-09_162832_RefSable_0_Ce'!P7)/'2026-04-09_162832_RefSable_0_Ce'!P7)>0.5 -> FALSE
E8: =ABS(('2026-04-09_183541_Demi_Spere_Mo'!E8-'2026-04-09_162832_RefSable_0_Ce'!E8)/'2026-04-09_162832_RefSable_0_Ce'!E8)>0.5 -> FALSE | F8: =ABS(('2026-04-09_183541_Demi_Spere_Mo'!F8-'2026-04-09_162832_RefSable_0_Ce'!F8)/'2026-04-09_162832_RefSable_0_Ce'!F8)>0.5 -> FALSE | G8: =ABS(('2026-04-09_183541_Demi_Spere_Mo'!G8-'2026-04-09_162832_RefSable_0_Ce'!G8)/'2026-04-09_162832_RefSable_0_Ce'!G8)>0.5 -> FALSE | H8: =ABS(('2026-04-09_183541_Demi_Spere_Mo'!H8-'2026-04-09_162832_RefSable_0_Ce'!H8)/'2026-04-09_162832_RefSable_0_Ce'!H8)>0.5 -> FALSE | I8: =ABS(('2026-04-09_183541_Demi_Spere_Mo'!I8-'2026-04-09_162832_RefSable_0_Ce'!I8)/'2026-04-09_162832_RefSable_0_Ce'!I8)>0.5 -> FALSE | J8: =ABS(('2026-04-09_183541_Demi_Spere_Mo'!J8-'2026-04-09_162832_RefSable_0_Ce'!J8)/'2026-04-09_162832_RefSable_0_Ce'!J8)>0.5 -> FALSE | K8: =ABS(('2026-04-09_183541_Demi_Spere_Mo'!K8-'2026-04-09_162832_RefSable_0_Ce'!K8)/'2026-04-09_162832_RefSable_0_Ce'!K8)>0.5 -> FALSE | L8: =ABS(('2026-04-09_183541_Demi_Spere_Mo'!L8-'2026-04-09_162832_RefSable_0_Ce'!L8)/'2026-04-09_162832_RefSable_0_Ce'!L8)>0.5 -> TRUE | ... P8: =ABS(('2026-04-09_183541_Demi_Spere_Mo'!P8-'2026-04-09_162832_RefSable_0_Ce'!P8)/'2026-04-09_162832_RefSable_0_Ce'!P8)>0.5 -> FALSE
E9: =ABS(('2026-04-09_183541_Demi_Spere_Mo'!E9-'2026-04-09_162832_RefSable_0_Ce'!E9)/'2026-04-09_162832_RefSable_0_Ce'!E9)>0.5 -> FALSE | F9: =ABS(('2026-04-09_183541_Demi_Spere_Mo'!F9-'2026-04-09_162832_RefSable_0_Ce'!F9)/'2026-04-09_162832_RefSable_0_Ce'!F9)>0.5 -> FALSE | G9: =ABS(('2026-04-09_183541_Demi_Spere_Mo'!G9-'2026-04-09_162832_RefSable_0_Ce'!G9)/'2026-04-09_162832_RefSable_0_Ce'!G9)>0.5 -> FALSE | H9: =ABS(('2026-04-09_183541_Demi_Spere_Mo'!H9-'2026-04-09_162832_RefSable_0_Ce'!H9)/'2026-04-09_162832_RefSable_0_Ce'!H9)>0.5 -> FALSE | I9: =ABS(('2026-04-09_183541_Demi_Spere_Mo'!I9-'2026-04-09_162832_RefSable_0_Ce'!I9)/'2026-04-09_162832_RefSable_0_Ce'!I9)>0.5 -> FALSE | J9: =ABS(('2026-04-09_183541_Demi_Spere_Mo'!J9-'2026-04-09_162832_RefSable_0_Ce'!J9)/'2026-04-09_162832_RefSable_0_Ce'!J9)>0.5 -> FALSE | K9: =ABS(('2026-04-09_183541_Demi_Spere_Mo'!K9-'2026-04-09_162832_RefSable_0_Ce'!K9)/'2026-04-09_162832_RefSable_0_Ce'!K9)>0.5 -> FALSE | L9: =ABS(('2026-04-09_183541_Demi_Spere_Mo'!L9-'2026-04-09_162832_RefSable_0_Ce'!L9)/'2026-04-09_162832_RefSable_0_Ce'!L9)>0.5 -> FALSE | ... P9: =ABS(('2026-04-09_183541_Demi_Spere_Mo'!P9-'2026-04-09_162832_RefSable_0_Ce'!P9)/'2026-04-09_162832_RefSable_0_Ce'!P9)>0.5 -> FALSE
E10: =ABS(('2026-04-09_183541_Demi_Spere_Mo'!E10-'2026-04-09_162832_RefSable_0_Ce'!E10)/'2026-04-09_162832_RefSable_0_Ce'!E10)>0.5 -> FALSE | F10: =ABS(('2026-04-09_183541_Demi_Spere_Mo'!F10-'2026-04-09_162832_RefSable_0_Ce'!F10)/'2026-04-09_162832_RefSable_0_Ce'!F10)>0.5 -> FALSE | G10: =ABS(('2026-04-09_183541_Demi_Spere_Mo'!G10-'2026-04-09_162832_RefSable_0_Ce'!G10)/'2026-04-09_162832_RefSable_0_Ce'!G10)>0.5 -> FALSE | H10: =ABS(('2026-04-09_183541_Demi_Spere_Mo'!H10-'2026-04-09_162832_RefSable_0_Ce'!H10)/'2026-04-09_162832_RefSable_0_Ce'!H10)>0.5 -> FALSE | I10: =ABS(('2026-04-09_183541_Demi_Spere_Mo'!I10-'2026-04-09_162832_RefSable_0_Ce'!I10)/'2026-04-09_162832_RefSable_0_Ce'!I10)>0.5 -> FALSE | J10: =ABS(('2026-04-09_183541_Demi_Spere_Mo'!J10-'2026-04-09_162832_RefSable_0_Ce'!J10)/'2026-04-09_162832_RefSable_0_Ce'!J10)>0.5 -> FALSE | K10: =ABS(('2026-04-09_183541_Demi_Spere_Mo'!K10-'2026-04-09_162832_RefSable_0_Ce'!K10)/'2026-04-09_162832_RefSable_0_Ce'!K10)>0.5 -> FALSE | L10: =ABS(('2026-04-09_183541_Demi_Spere_Mo'!L10-'2026-04-09_162832_RefSable_0_Ce'!L10)/'2026-04-09_162832_RefSable_0_Ce'!L10)>0.5 -> FALSE | ... P10: =ABS(('2026-04-09_183541_Demi_Spere_Mo'!P10-'2026-04-09_162832_RefSable_0_Ce'!P10)/'2026-04-09_162832_RefSable_0_Ce'!P10)>0.5 -> TRUE
E11: =ABS(('2026-04-09_183541_Demi_Spere_Mo'!E11-'2026-04-09_162832_RefSable_0_Ce'!E11)/'2026-04-09_162832_RefSable_0_Ce'!E11)>0.5 -> FALSE | F11: =ABS(('2026-04-09_183541_Demi_Spere_Mo'!F11-'2026-04-09_162832_RefSable_0_Ce'!F11)/'2026-04-09_162832_RefSable_0_Ce'!F11)>0.5 -> FALSE | G11: =ABS(('2026-04-09_183541_Demi_Spere_Mo'!G11-'2026-04-09_162832_RefSable_0_Ce'!G11)/'2026-04-09_162832_RefSable_0_Ce'!G11)>0.5 -> FALSE | H11: =ABS(('2026-04-09_183541_Demi_Spere_Mo'!H11-'2026-04-09_162832_RefSable_0_Ce'!H11)/'2026-04-09_162832_RefSable_0_Ce'!H11)>0.5 -> FALSE | I11: =ABS(('2026-04-09_183541_Demi_Spere_Mo'!I11-'2026-04-09_162832_RefSable_0_Ce'!I11)/'2026-04-09_162832_RefSable_0_Ce'!I11)>0.5 -> FALSE | J11: =ABS(('2026-04-09_183541_Demi_Spere_Mo'!J11-'2026-04-09_162832_RefSable_0_Ce'!J11)/'2026-04-09_162832_RefSable_0_Ce'!J11)>0.5 -> FALSE | K11: =ABS(('2026-04-09_183541_Demi_Spere_Mo'!K11-'2026-04-09_162832_RefSable_0_Ce'!K11)/'2026-04-09_162832_RefSable_0_Ce'!K11)>0.5 -> FALSE | L11: =ABS(('2026-04-09_183541_Demi_Spere_Mo'!L11-'2026-04-09_162832_RefSable_0_Ce'!L11)/'2026-04-09_162832_RefSable_0_Ce'!L11)>0.5 -> FALSE | ... P11: =ABS(('2026-04-09_183541_Demi_Spere_Mo'!P11-'2026-04-09_162832_RefSable_0_Ce'!P11)/'2026-04-09_162832_RefSable_0_Ce'!P11)>0.5 -> FALSE
E12: =ABS(('2026-04-09_183541_Demi_Spere_Mo'!E12-'2026-04-09_162832_RefSable_0_Ce'!E12)/'2026-04-09_162832_RefSable_0_Ce'!E12)>0.5 -> FALSE | F12: =ABS(('2026-04-09_183541_Demi_Spere_Mo'!F12-'2026-04-09_162832_RefSable_0_Ce'!F12)/'2026-04-09_162832_RefSable_0_Ce'!F12)>0.5 -> FALSE | G12: =ABS(('2026-04-09_183541_Demi_Spere_Mo'!G12-'2026-04-09_162832_RefSable_0_Ce'!G12)/'2026-04-09_162832_RefSable_0_Ce'!G12)>0.5 -> FALSE | H12: =ABS(('2026-04-09_183541_Demi_Spere_Mo'!H12-'2026-04-09_162832_RefSable_0_Ce'!H12)/'2026-04-09_162832_RefSable_0_Ce'!H12)>0.5 -> FALSE | I12: =ABS(('2026-04-09_183541_Demi_Spere_Mo'!I12-'2026-04-09_162832_RefSable_0_Ce'!I12)/'2026-04-09_162832_RefSable_0_Ce'!I12)>0.5 -> FALSE | J12: =ABS(('2026-04-09_183541_Demi_Spere_Mo'!J12-'2026-04-09_162832_RefSable_0_Ce'!J12)/'2026-04-09_162832_RefSable_0_Ce'!J12)>0.5 -> FALSE | K12: =ABS(('2026-04-09_183541_Demi_Spere_Mo'!K12-'2026-04-09_162832_RefSable_0_Ce'!K12)/'2026-04-09_162832_RefSable_0_Ce'!K12)>0.5 -> FALSE | L12: =ABS(('2026-04-09_183541_Demi_Spere_Mo'!L12-'2026-04-09_162832_RefSable_0_Ce'!L12)/'2026-04-09_162832_RefSable_0_Ce'!L12)>0.5 -> FALSE | ... P12: =ABS(('2026-04-09_183541_Demi_Spere_Mo'!P12-'2026-04-09_162832_RefSable_0_Ce'!P12)/'2026-04-09_162832_RefSable_0_Ce'!P12)>0.5 -> FALSE
E13: =ABS(('2026-04-09_183541_Demi_Spere_Mo'!E13-'2026-04-09_162832_RefSable_0_Ce'!E13)/'2026-04-09_162832_RefSable_0_Ce'!E13)>0.5 -> FALSE | F13: =ABS(('2026-04-09_183541_Demi_Spere_Mo'!F13-'2026-04-09_162832_RefSable_0_Ce'!F13)/'2026-04-09_162832_RefSable_0_Ce'!F13)>0.5 -> FALSE | G13: =ABS(('2026-04-09_183541_Demi_Spere_Mo'!G13-'2026-04-09_162832_RefSable_0_Ce'!G13)/'2026-04-09_162832_RefSable_0_Ce'!G13)>0.5 -> FALSE | H13: =ABS(('2026-04-09_183541_Demi_Spere_Mo'!H13-'2026-04-09_162832_RefSable_0_Ce'!H13)/'2026-04-09_162832_RefSable_0_Ce'!H13)>0.5 -> FALSE | I13: =ABS(('2026-04-09_183541_Demi_Spere_Mo'!I13-'2026-04-09_162832_RefSable_0_Ce'!I13)/'2026-04-09_162832_RefSable_0_Ce'!I13)>0.5 -> FALSE | J13: =ABS(('2026-04-09_183541_Demi_Spere_Mo'!J13-'2026-04-09_162832_RefSable_0_Ce'!J13)/'2026-04-09_162832_RefSable_0_Ce'!J13)>0.5 -> FALSE | K13: =ABS(('2026-04-09_183541_Demi_Spere_Mo'!K13-'2026-04-09_162832_RefSable_0_Ce'!K13)/'2026-04-09_162832_RefSable_0_Ce'!K13)>0.5 -> FALSE | L13: =ABS(('2026-04-09_183541_Demi_Spere_Mo'!L13-'2026-04-09_162832_RefSable_0_Ce'!L13)/'2026-04-09_162832_RefSable_0_Ce'!L13)>0.5 -> FALSE | ... P13: =ABS(('2026-04-09_183541_Demi_Spere_Mo'!P13-'2026-04-09_162832_RefSable_0_Ce'!P13)/'2026-04-09_162832_RefSable_0_Ce'!P13)>0.5 -> FALSE
... E442: =ABS(('2026-04-09_183541_Demi_Spere_Mo'!E442-'2026-04-09_162832_RefSable_0_Ce'!E442)/'2026-04-09_162832_RefSable_0_Ce'!E442)>0.5 -> FALSE | F442: =ABS(('2026-04-09_183541_Demi_Spere_Mo'!F442-'2026-04-09_162832_RefSable_0_Ce'!F442)/'2026-04-09_162832_RefSable_0_Ce'!F442)>0.5 -> FALSE | G442: =ABS(('2026-04-09_183541_Demi_Spere_Mo'!G442-'2026-04-09_162832_RefSable_0_Ce'!G442)/'2026-04-09_162832_RefSable_0_Ce'!G442)>0.5 -> FALSE | H442: =ABS(('2026-04-09_183541_Demi_Spere_Mo'!H442-'2026-04-09_162832_RefSable_0_Ce'!H442)/'2026-04-09_162832_RefSable_0_Ce'!H442)>0.5 -> FALSE | I442: =ABS(('2026-04-09_183541_Demi_Spere_Mo'!I442-'2026-04-09_162832_RefSable_0_Ce'!I442)/'2026-04-09_162832_RefSable_0_Ce'!I442)>0.5 -> FALSE | J442: =ABS(('2026-04-09_183541_Demi_Spere_Mo'!J442-'2026-04-09_162832_RefSable_0_Ce'!J442)/'2026-04-09_162832_RefSable_0_Ce'!J442)>0.5 -> FALSE | K442: =ABS(('2026-04-09_183541_Demi_Spere_Mo'!K442-'2026-04-09_162832_RefSable_0_Ce'!K442)/'2026-04-09_162832_RefSable_0_Ce'!K442)>0.5 -> FALSE | L442: =ABS(('2026-04-09_183541_Demi_Spere_Mo'!L442-'2026-04-09_162832_RefSable_0_Ce'!L442)/'2026-04-09_162832_RefSable_0_Ce'!L442)>0.5 -> FALSE | ... P442: =ABS(('2026-04-09_183541_Demi_Spere_Mo'!P442-'2026-04-09_162832_RefSable_0_Ce'!P442)/'2026-04-09_162832_RefSable_0_Ce'!P442)>0.5 -> FALSE
